{
  "about": {
    "name": "Exercise 7 - Soft Cart",
    "author": "Adri",
    "extends": "Core4",
    "isDesktop": true,
    "isMobile": true,
    "defaultLanguage": "en-US",
    "version": ""
  },
  "settings": {
    "bannerImageEnabled": true,
    "bannerImage": "../resources/images/cryptic-header.png",
    "listProductThumbSize": 300,
    "listProductShortDesc": false,
    "listProductCode": false
  },
  "emailTemplates": [],
  "pageTypes": [
    {
      "id": "brand-focus",
      "title": "Brand Focus",
      "entityType": "webpage",
      "documentType": "web_page",
      "template": "brand-focus",
      "userCreatable": true,
      "zones": [
        {
          "id": "brand-focus-header",
          "rows": [
            {
              "columns": [
                {
                  "span": 12,
                  "widgets": [
                    {
                      "definitionId": "cms-image",
                      "config": {
                        "height": 400,
                        "imageHeight": "400",
                        "imageSource": "externalUrl",
                        "imageExternalUrl": "/resources/images/brands/example-logo.png"
                      }
                    }
                  ]
                }
              ]
            }
          ]
        },
        {
          "id": "brand-focus-content",
          "rows": [
            {
              "columns": [
                {
                  "span": 6,
                  "widgets": [
                    {
                      "definitionId": "html",
                      "config": {
                        "body": "<div class=\"brand-focus-text\">A well-respected brand for decades, lorem ipsum dolor se amet.</div>"
                      }
                    }
                  ]
                },
                {
                  "span": 6,
                  "widgets": [
                    {
                      "definitionId": "cms-image",
                      "config": {
                        "height": 400,
                        "imageHeight": "400",
                        "imageSource": "externalUrl",
                        "imageExternalUrl": "/resources/images/brands/example-graphic.jpg"
                      }
                    }
                  ]
                }
              ]
            }
          ]
        }
      ]
    }
  ],
  "widgets": [
    {
      "id": "pin_this",
      "displayName": "Pin This",
      "displayTemplate": "catalog/pin-this",
      "editViewFields": [
        {
          "name": "shape",
          "fieldLabel": "Shape",
          "xtype": "combo",
          "store": [
            [
              "round",
              "Round"
            ],
            [
              "rectangular",
              "Rectangular"
            ]
          ]
        },
        {
          "name": "size",
          "fieldLabel": "Size",
          "xtype": "combo",
          "store": [
            [
              "small",
              "Small"
            ],
            [
              "large",
              "Large"
            ]
          ]
        }
      ],
      "icon": "/resources/admin/widgets/pinterest.png",
      "validPageTypes": [
        "product"
      ]
    }
  ]
}